{"val_accuracy":0.8428333333333333,"val_loss":83.22303126824389,"_step":4,"epoch":4,"_runtime":9.9351687,"train_loss":814.4973785743601,"train_accuracy":0.8279444444444445,"_wandb":{"runtime":9},"_timestamp":1.7411362170660436e+09}