{"epoch":9,"_runtime":20.9035565,"_timestamp":1.7411253626021986e+09,"train_accuracy":0.819925925925926,"_step":9,"train_loss":1681.763193906899,"val_loss":185.1518575646892,"_wandb":{"runtime":20},"val_accuracy":0.8241666666666667}