{"_wandb":{"runtime":26},"val_accuracy":0.8535,"train_accuracy":0.8747037037037036,"_step":9,"train_loss":288.79858971332527,"val_loss":40.39627686615261,"_timestamp":1.7411404241593888e+09,"epoch":9,"_runtime":26.2166527}