{"_wandb":{"runtime":20},"train_accuracy":0.8223888888888888,"val_accuracy":0.8335,"epoch":9,"train_loss":1698.4394710843455,"_step":9,"_runtime":20.2403935,"val_loss":178.44691572000877,"_timestamp":1.7411277725072515e+09}