{"train_loss":1791.3096005332818,"_wandb":{"runtime":28},"val_accuracy":0.8053333333333333,"train_accuracy":0.8090925925925926,"_timestamp":1.7411258930657723e+09,"_step":9,"epoch":9,"_runtime":28.4563914,"val_loss":206.48031273847158}