{"val_accuracy":0.8408333333333333,"_runtime":11.9163242,"train_accuracy":0.8384074074074074,"_wandb":{"runtime":11},"_step":9,"epoch":9,"train_loss":770.8994644621262,"val_loss":86.4246151845154,"_timestamp":1.7411284199330423e+09}