{"_runtime":21.9731251,"epoch":9,"val_loss":186.12015454328463,"val_accuracy":0.8231666666666667,"train_accuracy":0.8215370370370371,"_timestamp":1.741125989225962e+09,"train_loss":1694.7578480075304,"_wandb":{"runtime":21},"_step":9}