{"val_loss":37.45049539175496,"_wandb":{"runtime":21},"_step":9,"train_accuracy":0.8719814814814815,"val_accuracy":0.8621666666666666,"train_loss":299.3154670373274,"epoch":9,"_runtime":21.5068555,"_timestamp":1.7411409409316642e+09}