{"val_loss":195.88084905844477,"train_accuracy":0.8109074074074074,"_step":4,"_wandb":{"runtime":11},"_runtime":11.9448255,"val_accuracy":0.8165,"_timestamp":1.7411277159255822e+09,"train_loss":1795.8143665494129,"epoch":4}