{"train_accuracy":0.9005555555555556,"_wandb":{"runtime":158},"val_loss":133.15785377592894,"_runtime":158.9173781,"val_accuracy":0.8826666666666667,"_timestamp":1.741141933038649e+09,"_step":9,"epoch":9,"train_loss":890.0699545095513}