{"_wandb":{"runtime":13},"_runtime":13.3767521,"train_loss":NaN,"_timestamp":1.7411273056528656e+09,"val_loss":NaN,"train_accuracy":0.6513518518518518,"_step":4,"epoch":4,"val_accuracy":0.6045}