{"val_accuracy":0.6216666666666667,"_runtime":16.2546294,"_timestamp":1.741125266753075e+09,"train_loss":NaN,"_wandb":{"runtime":16},"epoch":9,"train_accuracy":0.6357962962962963,"_step":9,"val_loss":NaN}