{"_step":9,"epoch":9,"_runtime":20.282086,"val_accuracy":0.8188333333333333,"_timestamp":1.7411282570195708e+09,"train_loss":1704.59615134647,"_wandb":{"runtime":20},"val_loss":197.09393571885838,"train_accuracy":0.8188703703703704}