{"epoch":9,"_step":9,"val_loss":193.55433375613325,"val_accuracy":0.8205,"train_accuracy":0.8263148148148148,"train_loss":1651.847102904301,"_timestamp":1.7411269144911656e+09,"_wandb":{"runtime":23},"_runtime":23.7944538}