{"val_loss":190.4661417377222,"val_accuracy":0.8228333333333333,"epoch":9,"_step":9,"train_accuracy":0.8267777777777777,"_timestamp":1.7411272526284292e+09,"_wandb":{"runtime":34},"_runtime":34.9612969,"train_loss":1632.034264771707}