{"_runtime":60.5073567,"_step":4,"train_accuracy":0.09987037037037037,"train_loss":NaN,"_wandb":{"runtime":60},"val_accuracy":0.10116666666666667,"epoch":4,"val_loss":NaN,"_timestamp":1.7411363906780946e+09}