{"val_loss":437.09591399193215,"train_loss":3927.255340176808,"_runtime":5.7958020999999995,"_step":4,"val_accuracy":0.10066666666666667,"_wandb":{"runtime":5},"_timestamp":1.7411250369280162e+09,"train_accuracy":0.10033333333333333,"epoch":4}