{"_runtime":13.5371099,"_wandb":{"runtime":13},"epoch":9,"_step":9,"val_loss":82.6344525955737,"_timestamp":1.74112835749055e+09,"train_loss":710.0701009682962,"val_accuracy":0.8491666666666666,"train_accuracy":0.8469074074074074}