{"_runtime":26.8878378,"_step":9,"val_accuracy":0.8226666666666667,"_timestamp":1.7411265851473808e+09,"train_loss":1614.439179491141,"val_loss":189.6623805139989,"train_accuracy":0.8287037037037037,"_wandb":{"runtime":26},"epoch":9}