{"val_accuracy":0.807,"_step":9,"epoch":9,"train_loss":1780.3187240774173,"train_accuracy":0.8119074074074074,"_runtime":26.3507097,"_timestamp":1.7411261748646147e+09,"_wandb":{"runtime":26},"val_loss":198.75938412709152}