{"val_loss":863.6511658598835,"val_accuracy":0.0985,"_timestamp":1.7411374531226723e+09,"_step":4,"train_loss":7771.989919085194,"_wandb":{"runtime":12},"train_accuracy":0.09905555555555555,"_runtime":12.4080086,"epoch":4}