{"_wandb":{"runtime":27},"_runtime":27.9506162,"val_accuracy":0.8543333333333333,"_step":4,"epoch":4,"train_accuracy":0.8645555555555555,"_timestamp":1.7411410646114714e+09,"train_loss":315.2522567676933,"val_loss":40.09450911048044}