{"train_accuracy":0.8622222222222222,"val_loss":38.659426200375975,"_runtime":65.5088801,"val_accuracy":0.854,"epoch":9,"train_loss":327.2420266899692,"_timestamp":1.741138918881786e+09,"_step":9,"_wandb":{"runtime":65}}