{"_wandb":{"runtime":13},"val_loss":182.71984340325355,"val_accuracy":0.8291666666666667,"epoch":4,"train_loss":1673.4169127734824,"_timestamp":1.7411257242660496e+09,"_step":4,"_runtime":13.7596065,"train_accuracy":0.8221111111111111}