{"_step":9,"epoch":9,"_runtime":78.9427238,"_timestamp":1.7411381197429674e+09,"train_accuracy":0.6876296296296296,"train_loss":2836.342237203867,"_wandb":{"runtime":78},"val_loss":319.6487699265702,"val_accuracy":0.6733333333333333}