{"_runtime":24.4802091,"val_loss":201.17033936484873,"val_accuracy":0.8158333333333333,"epoch":9,"_timestamp":1.7411273863525925e+09,"_wandb":{"runtime":24},"train_loss":1825.3487693941406,"_step":9,"train_accuracy":0.8048148148148148}