{"val_accuracy":0.8675,"_step":4,"train_loss":643.1137959284415,"val_loss":72.51244285919589,"_wandb":{"runtime":20},"train_accuracy":0.8637777777777778,"_runtime":20.2386445,"epoch":4,"_timestamp":1.7411422293513286e+09}