{"train_loss":NaN,"train_accuracy":0.09987037037037037,"_step":4,"val_loss":NaN,"val_accuracy":0.10116666666666667,"_timestamp":1.7411393755408218e+09,"epoch":4,"_wandb":{"runtime":27},"_runtime":27.7246538}