{"val_accuracy":0.8618333333333333,"_runtime":26.5075679,"_step":9,"epoch":9,"_timestamp":1.7411284560479918e+09,"_wandb":{"runtime":26},"train_loss":1219.661435112218,"train_accuracy":0.8663148148148148,"val_loss":156.88135710142973}