{"val_accuracy":0.8501666666666666,"_wandb":{"runtime":26},"val_loss":163.06322574193715,"train_accuracy":0.851925925925926,"_step":9,"_runtime":26.718374,"epoch":9,"_timestamp":1.7411282958857005e+09,"train_loss":1382.9169235956304}