{"epoch":9,"val_accuracy":0.8628333333333333,"val_loss":38.363188382935064,"_timestamp":1.7411399971651022e+09,"train_loss":326.7471629492604,"_runtime":72.4821452,"_wandb":{"runtime":72},"_step":9,"train_accuracy":0.8617407407407407}