{"val_accuracy":0.852,"train_loss":307.77229304240456,"val_loss":37.363770694152045,"_step":4,"epoch":4,"train_accuracy":0.8665925925925926,"_wandb":{"runtime":14},"_timestamp":1.741138989555287e+09,"_runtime":14.2648649}