{"val_accuracy":0.8233333333333334,"_runtime":12.1507672,"_step":4,"val_loss":193.55606069008397,"_timestamp":1.7411255993082907e+09,"train_loss":1692.6172152686577,"epoch":4,"train_accuracy":0.8201666666666667,"_wandb":{"runtime":12}}