{"val_loss":44.38186183960097,"val_accuracy":0.8458333333333333,"_step":9,"epoch":9,"train_loss":261.95337777891194,"_timestamp":1.7411411319134526e+09,"_runtime":57.7895169,"_wandb":{"runtime":57},"train_accuracy":0.8853703703703704}