{"_step":9,"val_loss":NaN,"_wandb":{"runtime":33},"train_loss":NaN,"_timestamp":1.741138360934221e+09,"_runtime":33.0086834,"epoch":9,"train_accuracy":0.09987037037037037,"val_accuracy":0.10116666666666667}