{"train_loss":NaN,"epoch":9,"_wandb":{"runtime":15},"_step":9,"train_accuracy":0.09987037037037037,"_timestamp":1.7411263108648136e+09,"_runtime":15.1755854,"val_loss":NaN,"val_accuracy":0.10116666666666667}