{"_wandb":{"runtime":70},"val_loss":159.71289199292735,"epoch":4,"train_accuracy":0.865537037037037,"_step":4,"_runtime":70.2866293,"train_loss":1252.355893936501,"val_accuracy":0.8565,"_timestamp":1.7411423541089723e+09}