{"_wandb":{"runtime":14},"_runtime":14.8895098,"epoch":4,"train_accuracy":0.8056666666666666,"val_loss":195.41872094854335,"_timestamp":1.7411257894960208e+09,"val_accuracy":0.8183333333333334,"train_loss":1848.2760628956216,"_step":4}