{"_wandb":{"runtime":5},"val_accuracy":0.10266666666666667,"train_loss":3887.255049179133,"epoch":4,"val_loss":432.9202074735886,"_step":4,"_runtime":5.3911674,"_timestamp":1.7411362552977755e+09,"train_accuracy":0.09796296296296296}