{"_step":4,"_timestamp":1.7411404619831016e+09,"val_accuracy":0.8515,"val_loss":40.42082634248768,"epoch":4,"_wandb":{"runtime":25},"train_loss":317.13303973352305,"train_accuracy":0.863037037037037,"_runtime":25.9574058}