{"train_accuracy":0.8803888888888889,"val_loss":74.37480653153219,"_step":9,"epoch":9,"_wandb":{"runtime":78},"val_accuracy":0.8673333333333333,"_timestamp":1.7411431214578934e+09,"train_loss":556.0818708788777,"_runtime":78.5433723}