{"train_accuracy":0.7498888888888889,"val_accuracy":0.7595,"val_loss":246.08381230194382,"_wandb":{"runtime":23},"_step":9,"epoch":9,"_runtime":23.1081473,"train_loss":2301.0486524264293,"_timestamp":1.7411262651573813e+09}