{"_runtime":28.1302948,"_timestamp":1.7411365227478318e+09,"val_loss":NaN,"_step":9,"epoch":9,"train_loss":NaN,"val_accuracy":0.10116666666666667,"_wandb":{"runtime":28},"train_accuracy":0.09987037037037037}