{"_runtime":66.7571897,"val_accuracy":0.8461666666666666,"_step":4,"epoch":4,"_wandb":{"runtime":66},"_timestamp":1.7411291046409347e+09,"train_loss":NaN,"val_loss":NaN,"train_accuracy":0.855462962962963}