{"val_loss":212.17231255300362,"val_accuracy":0.8015,"_step":9,"epoch":9,"_wandb":{"runtime":17},"train_loss":1709.0092221201687,"_runtime":17.9244154,"_timestamp":1.7411270209060345e+09,"train_accuracy":0.8183518518518519}