{"_runtime":31.0495967,"_step":9,"_wandb":{"runtime":31},"val_loss":181.55540567253735,"train_accuracy":0.8263333333333334,"val_accuracy":0.8291666666666667,"epoch":9,"_timestamp":1.7411256772379997e+09,"train_loss":1626.9337971347807}