{"_wandb":{"runtime":25},"val_accuracy":0.826,"_step":9,"_timestamp":1.7411264227814152e+09,"epoch":9,"train_loss":1654.7776818673908,"val_loss":190.82212206052128,"_runtime":25.7145671,"train_accuracy":0.8269074074074074}