{"_runtime":195.1576207,"_step":9,"epoch":9,"val_accuracy":0.8718333333333333,"_wandb":{"runtime":195},"train_loss":1162.9852886714066,"_timestamp":1.7411429040818107e+09,"val_loss":141.4206771802308,"train_accuracy":0.8777037037037037}