{"_timestamp":1.74112662012103e+09,"train_loss":1685.7626314860604,"_runtime":24.495958,"_step":9,"_wandb":{"runtime":24},"val_loss":189.37095839203826,"epoch":9,"val_accuracy":0.8305,"train_accuracy":0.8228333333333333}