{"_runtime":11.5690156,"train_accuracy":0.5738333333333333,"val_accuracy":0.6066666666666667,"epoch":4,"train_loss":1893.5535740781236,"val_loss":208.11974479082082,"_step":4,"_wandb":{"runtime":11},"_timestamp":1.7411362400610626e+09}