{"_step":9,"epoch":9,"train_loss":1621.7914007248696,"val_accuracy":0.8286666666666667,"_timestamp":1.7411254968524282e+09,"val_loss":178.85261739280676,"train_accuracy":0.8285925925925925,"_wandb":{"runtime":26},"_runtime":26.3253367}