{"_step":4,"_runtime":10.0238989,"val_loss":193.5031199564344,"val_accuracy":0.832,"epoch":4,"_timestamp":1.7411271844330304e+09,"train_loss":1877.4155592919665,"train_accuracy":0.8027222222222222,"_wandb":{"runtime":10}}