{"val_loss":40.444821539743046,"_wandb":{"runtime":61},"val_accuracy":0.866,"_runtime":61.2701579,"epoch":9,"_step":9,"_timestamp":1.741143231635082e+09,"train_accuracy":0.8967962962962963,"train_loss":237.89011294681464}