{"_step":4,"val_accuracy":0.31866666666666665,"train_accuracy":0.42394444444444446,"train_loss":NaN,"_timestamp":1.7411253321956856e+09,"epoch":4,"_runtime":12.1125914,"_wandb":{"runtime":12},"val_loss":NaN}