{"val_accuracy":0.8151666666666667,"_runtime":21.5656423,"_wandb":{"runtime":21},"val_loss":202.66978575006414,"_step":9,"train_loss":1707.3934201223078,"train_accuracy":0.821,"_timestamp":1.7411276388166468e+09,"epoch":9}