{"train_accuracy":0.8269074074074074,"val_loss":175.10463572252755,"val_accuracy":0.8355,"train_loss":1617.759945212401,"_wandb":{"runtime":23},"_timestamp":1.7411283992057335e+09,"_runtime":23.6263591,"epoch":9,"_step":9}