{"epoch":9,"_runtime":29.8913154,"train_accuracy":0.8066851851851852,"val_loss":266.1170986362341,"_timestamp":1.741126098487201e+09,"val_accuracy":0.7463333333333333,"_wandb":{"runtime":29},"_step":9,"train_loss":1830.942875220724}