{"_runtime":18.2837421,"_step":4,"val_accuracy":0.10066666666666667,"_wandb":{"runtime":18},"epoch":4,"train_accuracy":0.10274074074074074,"_timestamp":1.7411289491131885e+09,"val_loss":442.53256166365685,"train_loss":3945.757759093375}