{"val_accuracy":0.8445,"_step":9,"train_accuracy":0.847925925925926,"_timestamp":1.7411277421266804e+09,"epoch":9,"_wandb":{"runtime":16},"_runtime":16.4980957,"train_loss":714.3084410391684,"val_loss":83.20245611367983}