{"val_accuracy":0.8018333333333333,"_runtime":12.2690659,"epoch":4,"train_accuracy":0.8162777777777778,"val_loss":202.32581011958487,"train_loss":1738.7298139823222,"_wandb":{"runtime":12},"_timestamp":1.74112664525162e+09,"_step":4}