{"val_loss":40.07127540261895,"train_accuracy":0.8697962962962963,"epoch":9,"_wandb":{"runtime":16},"train_loss":303.9863442622001,"val_accuracy":0.85,"_step":9,"_timestamp":1.741140612108671e+09,"_runtime":16.5476}