{"_wandb":{"runtime":11},"val_accuracy":0.8095,"train_accuracy":0.8166481481481481,"val_loss":197.96347230131676,"epoch":4,"train_loss":1730.9153449956207,"_timestamp":1.741128187183762e+09,"_runtime":11.3867723,"_step":4}