{"_runtime":30.8287922,"_timestamp":1.7411390327968433e+09,"val_loss":45.148945503318416,"_step":4,"train_accuracy":0.8543148148148149,"val_accuracy":0.8398333333333333,"_wandb":{"runtime":30},"train_loss":346.27829876246824,"epoch":4}