{"val_accuracy":0.10116666666666667,"epoch":9,"train_accuracy":0.09987037037037037,"_step":9,"_timestamp":1.741138152669208e+09,"_runtime":21.180784,"train_loss":NaN,"val_loss":NaN,"_wandb":{"runtime":21}}