{"_timestamp":1.7411374232524712e+09,"train_accuracy":0.09987037037037037,"val_loss":NaN,"train_loss":NaN,"val_accuracy":0.10116666666666667,"_runtime":13.5103961,"_step":9,"_wandb":{"runtime":13},"epoch":9}