{"val_loss":890.7321208399522,"train_accuracy":0.1,"_runtime":39.782827,"val_accuracy":0.10116666666666667,"_timestamp":1.741129246352603e+09,"_step":9,"epoch":9,"train_loss":7927.469453968855,"_wandb":{"runtime":39}}