{"train_loss":6040.483494294851,"_wandb":{"runtime":45},"train_accuracy":0.2043888888888889,"val_accuracy":0.20083333333333334,"_runtime":45.8639998,"_step":4,"epoch":4,"val_loss":670.3051311892046,"_timestamp":1.7411364822990377e+09}