{"_runtime":44.99485,"train_accuracy":0.8699074074074075,"epoch":4,"val_loss":79.48218237553607,"_timestamp":1.741143034527812e+09,"_wandb":{"runtime":44},"train_loss":596.6635122708892,"val_accuracy":0.8563333333333333,"_step":4}