{"val_accuracy":0.8715,"_step":9,"epoch":9,"_timestamp":1.7411429784512117e+09,"train_loss":256.1491349819377,"train_accuracy":0.887537037037037,"_wandb":{"runtime":63},"val_loss":36.35527544749405,"_runtime":63.1295396}