{"_wandb":{"runtime":27},"_step":9,"train_accuracy":0.8106666666666666,"val_accuracy":0.8295,"_runtime":27.0095505,"train_loss":1766.0042686078143,"val_loss":182.36136765448117,"_timestamp":1.7411259570451055e+09,"epoch":9}