{"val_loss":164.5854143969075,"_step":9,"epoch":9,"val_accuracy":0.8508333333333333,"_timestamp":1.741128159539622e+09,"_runtime":25.2585735,"_wandb":{"runtime":25},"train_loss":1358.440854105649,"train_accuracy":0.8566111111111111}