{"val_accuracy":0.873,"_step":9,"_timestamp":1.741138795006193e+09,"train_loss":241.29183796514238,"epoch":9,"train_accuracy":0.8949814814814815,"val_loss":35.262650004511876,"_runtime":79.445549,"_wandb":{"runtime":79}}