{"train_loss":694.5491506348544,"val_loss":80.84417117568697,"train_accuracy":0.8503333333333334,"val_accuracy":0.8441666666666666,"epoch":9,"_step":9,"_wandb":{"runtime":16},"_timestamp":1.7411251537421367e+09,"_runtime":16.1195988}