{"train_loss":NaN,"_wandb":{"runtime":33},"_step":9,"epoch":9,"_timestamp":1.741129188118314e+09,"val_accuracy":0.7391666666666666,"_runtime":33.588191,"train_accuracy":0.7427592592592592,"val_loss":NaN}