{"val_loss":184.50061662052076,"val_accuracy":0.8271666666666667,"_timestamp":1.7411274254030697e+09,"train_accuracy":0.8262592592592592,"_wandb":{"runtime":26},"train_loss":1629.6442480677297,"_runtime":26.1930399,"_step":9,"epoch":9}