{"val_accuracy":0.8515,"_wandb":{"runtime":11},"epoch":4,"train_loss":329.76428810600413,"_runtime":11.3003733,"_step":4,"train_accuracy":0.8586111111111111,"_timestamp":1.7411423749172714e+09,"val_loss":38.888192490257715}