{"_runtime":11.4445988,"epoch":4,"train_loss":1708.9412502770695,"val_accuracy":0.8245,"train_accuracy":0.820462962962963,"val_loss":188.2332010061698,"_wandb":{"runtime":11},"_timestamp":1.7411271642909358e+09,"_step":4}