{"val_accuracy":0.8231666666666667,"_runtime":11.2744211,"_step":4,"epoch":4,"_wandb":{"runtime":11},"_timestamp":1.7411257003653345e+09,"train_accuracy":0.816,"val_loss":191.10414429548987,"train_loss":1733.0532811364344}