{"_runtime":70.2344508,"val_accuracy":0.8726666666666667,"epoch":9,"train_loss":251.74282316540422,"_timestamp":1.7411420561585045e+09,"_step":9,"val_loss":34.851740970016415,"train_accuracy":0.8910370370370371,"_wandb":{"runtime":70}}