{"_timestamp":1.7411364250643501e+09,"_step":4,"train_accuracy":0.8435555555555555,"_wandb":{"runtime":16},"epoch":4,"val_loss":82.57929193365136,"train_loss":719.7146897199871,"val_accuracy":0.8463333333333334,"_runtime":16.2561244}