{"val_loss":140.28312408087183,"train_loss":1308.215748369243,"epoch":4,"train_accuracy":0.703925925925926,"_runtime":8.0406584,"_timestamp":1.7411251194933603e+09,"_wandb":{"runtime":8},"val_accuracy":0.7293333333333333,"_step":4}