{"train_loss":399.87831224560745,"val_accuracy":0.8256666666666667,"_runtime":76.3013969,"train_accuracy":0.8217407407407408,"val_loss":44.536037895930825,"_wandb":{"runtime":76},"_timestamp":1.7411382397693706e+09,"epoch":9,"_step":9}