{"epoch":9,"train_accuracy":0.09987037037037037,"_step":9,"val_accuracy":0.10116666666666667,"val_loss":NaN,"_runtime":31.032064599999998,"train_loss":NaN,"_timestamp":1.7411294295839417e+09,"_wandb":{"runtime":31}}