{"train_loss":1621.2426347632027,"val_accuracy":0.8265,"_wandb":{"runtime":35},"train_accuracy":0.8282777777777778,"val_loss":180.52267131953067,"_timestamp":1.7411268777701817e+09,"epoch":9,"_runtime":35.1121267,"_step":9}