{"train_accuracy":0.7113518518518519,"val_loss":144.60357680109203,"_timestamp":1.7411383159072723e+09,"train_loss":1316.188749512916,"val_accuracy":0.7118333333333333,"epoch":9,"_wandb":{"runtime":67},"_runtime":67.6778024,"_step":9}