{"_runtime":66.7689234,"train_loss":4185.483356708075,"_step":9,"epoch":9,"val_loss":500.7785414423537,"_wandb":{"runtime":66},"val_accuracy":0.10183333333333333,"train_accuracy":0.09964814814814815,"_timestamp":1.7411290250467215e+09}