{"val_loss":227.09922607565755,"_runtime":22.6357649,"train_accuracy":0.8023333333333333,"val_accuracy":0.7941666666666667,"_wandb":{"runtime":22},"train_loss":1870.2201016706879,"epoch":9,"_timestamp":1.7411278285909746e+09,"_step":9}