{"epoch":4,"train_loss":NaN,"train_accuracy":0.09987037037037037,"_wandb":{"runtime":8},"_runtime":8.7377523,"_step":4,"val_loss":NaN,"val_accuracy":0.10116666666666667,"_timestamp":1.741139821525377e+09}