{"val_accuracy":0.8621666666666666,"_runtime":31.1239475,"val_loss":35.611077173760854,"epoch":4,"train_loss":306.2248649988699,"_timestamp":1.7411422725621877e+09,"train_accuracy":0.8688888888888889,"_wandb":{"runtime":31},"_step":4}