{"train_accuracy":0.09987037037037037,"val_accuracy":0.10116666666666667,"_timestamp":1.7411280541410606e+09,"_runtime":7.3769225,"_wandb":{"runtime":7},"_step":4,"train_loss":NaN,"val_loss":NaN,"epoch":4}