{"train_accuracy":0.23116666666666666,"train_loss":NaN,"_timestamp":1.7411279053188705e+09,"_step":4,"epoch":4,"_runtime":13.8549951,"val_loss":NaN,"val_accuracy":0.2125,"_wandb":{"runtime":13}}