{"val_loss":184.183567074873,"_runtime":13.3208234,"epoch":4,"val_accuracy":0.8243333333333334,"_timestamp":1.74112584651523e+09,"train_accuracy":0.8183148148148148,"train_loss":1712.1636558535245,"_step":4,"_wandb":{"runtime":13}}