{"train_accuracy":0.8789074074074074,"val_accuracy":0.8685,"train_loss":277.51823909565354,"val_loss":35.50392058604766,"_runtime":52.1781422,"_step":9,"epoch":9,"_timestamp":1.7411426973597019e+09,"_wandb":{"runtime":52}}