{"_wandb":{"runtime":45},"_step":9,"val_accuracy":0.8071666666666667,"_timestamp":1.741136576805492e+09,"_runtime":45.0007299,"train_accuracy":0.8045555555555556,"epoch":9,"val_loss":100.38451311370451,"train_loss":898.2954332817219}