{"_wandb":{"runtime":33},"val_accuracy":0.19566666666666666,"train_accuracy":0.24485185185185185,"train_loss":6116.132272614221,"_timestamp":1.741141977098293e+09,"_runtime":33.8507431,"val_loss":713.3662582860673,"epoch":4,"_step":4}