{"val_accuracy":0.5983333333333334,"train_loss":NaN,"_wandb":{"runtime":24},"_timestamp":1.7411250719629476e+09,"epoch":9,"train_accuracy":0.6256851851851852,"val_loss":NaN,"_step":9,"_runtime":24.4114114}