{"_timestamp":1.7411250229493685e+09,"train_loss":1962.6437099949317,"train_accuracy":0.0987962962962963,"val_accuracy":0.09633333333333334,"_wandb":{"runtime":7},"_runtime":7.9355927,"val_loss":219.36300207435346,"epoch":4,"_step":4}