{"val_loss":294.77266760577015,"val_accuracy":0.6951666666666667,"_runtime":18.9030112,"_step":4,"epoch":4,"train_accuracy":0.7000740740740741,"train_loss":2590.8868837601935,"_wandb":{"runtime":18},"_timestamp":1.741128817745354e+09}