{"val_loss":532.4728018943238,"val_accuracy":0.754,"_runtime":31.7388386,"_step":4,"train_loss":4253.764868192668,"epoch":4,"_timestamp":1.7411391240669446e+09,"_wandb":{"runtime":31},"train_accuracy":0.7810370370370371}