{"val_accuracy":0.846,"_timestamp":1.7411391451547968e+09,"train_accuracy":0.8521296296296297,"train_loss":356.947857701764,"_wandb":{"runtime":10},"_runtime":10.2136888,"val_loss":43.584225100810826,"_step":4,"epoch":4}