{"train_loss":NaN,"val_accuracy":0.10116666666666667,"epoch":9,"_wandb":{"runtime":13},"_runtime":13.661682,"train_accuracy":0.09987037037037037,"val_loss":NaN,"_timestamp":1.741127931875072e+09,"_step":9}