{"_runtime":15.1678405,"epoch":9,"train_accuracy":0.8416111111111111,"val_accuracy":0.8305,"_wandb":{"runtime":15},"_step":9,"train_loss":372.1372332492884,"_timestamp":1.7411400670228515e+09,"val_loss":45.99284487044044}