{"val_loss":85.47711831391308,"_runtime":7.2993592,"val_accuracy":0.837,"epoch":4,"train_accuracy":0.8409444444444445,"train_loss":759.0372708748929,"_wandb":{"runtime":7},"_step":4,"_timestamp":1.7411282062281177e+09}