{"_wandb":{"runtime":22},"epoch":9,"_step":9,"train_accuracy":0.8188148148148148,"val_accuracy":0.8091666666666667,"_timestamp":1.7411262084412498e+09,"train_loss":1695.595347366086,"_runtime":22.534501,"val_loss":201.87495444031393}